{
  "_name_or_path": "meta-llama/Llama-3.2-3B-Instruct",
  "sparsity_method": "naive",
  "sparsity": [
    57.78245008550584,
    65.1826779358089,
    69.715037336573,
    71.67424536310136,
    78.45814838074148,
    82.83668733201921,
    80.44213317334652,
    79.41397787071764,
    79.14119125343859,
    78.18935080431402,
    78.7798332516104,
    75.94775059260428,
    78.40386619791389,
    79.79115201160312,
    82.02252509072423,
    82.69790187478065,
    81.91158389672637,
    80.36936335265636,
    78.98433501832187,
    79.26017488352954,
    76.82512486353517,
    74.59653555415571,
    74.22136045061052,
    75.1504025887698,
    75.35384567454457,
    72.17378471978009,
    68.74264222569764,
    53.68296343367547
  ],
  "architectures": [
    "LlamaSkipConnectionForCausalLM"
  ],
  "attention_bias": false,
  "attention_dropout": 0.0,
  "bos_token_id": 128000,
  "eos_token_id": [
    128001,
    128008,
    128009
  ],
  "head_dim": 128,
  "hidden_act": "silu",
  "hidden_size": 3072,
  "initializer_range": 0.02,
  "intermediate_size": 8192,
  "max_position_embeddings": 131072,
  "mlp_bias": false,
  "model_type": "llama-skip",
  "num_attention_heads": 24,
  "num_hidden_layers": 28,
  "num_key_value_heads": 8,
  "pretraining_tp": 1,
  "rms_norm_eps": 1e-05,
  "rope_scaling": {
    "factor": 32.0,
    "high_freq_factor": 4.0,
    "low_freq_factor": 1.0,
    "original_max_position_embeddings": 8192,
    "rope_type": "llama3"
  },
  "rope_theta": 500000.0,
  "tie_word_embeddings": true,
  "torch_dtype": "float32",
  "transformers_version": "4.54.2",
  "use_cache": false,
  "vocab_size": 128256
}
