{
  "_name_or_path": "meta-llama/Llama-3.2-1B-Instruct",
  "sparsity_method": "naive",
  "sparsities": [
    0.5974077922292054,
    0.6569223999977112,
    0.6855632523074746,
    0.7335594655014575,
    0.7742073507979512,
    0.7851408631540835,
    0.7659243256784976,
    0.7661194605752826,
    0.7836115509271622,
    0.7861599293537438,
    0.7596044377423823,
    0.7131616906262934,
    0.6305217663757503,
    0.5785650457255542,
    0.60000846022740006,
    0.48971539246849716
  ],
  "architectures": [
    "LlamaSkipConnectionForCausalLM"
  ],
  "attention_bias": false,
  "attention_dropout": 0.0,
  "bos_token_id": 128000,
  "eos_token_id": [
    128001,
    128008,
    128009
  ],
  "head_dim": 64,
  "hidden_act": "silu",
  "hidden_size": 2048,
  "initializer_range": 0.02,
  "intermediate_size": 8192,
  "max_position_embeddings": 131072,
  "mlp_bias": false,
  "model_type": "llama-skip",
  "num_attention_heads": 32,
  "num_hidden_layers": 16,
  "num_key_value_heads": 8,
  "pretraining_tp": 1,
  "rms_norm_eps": 1e-05,
  "rope_scaling": {
    "factor": 32.0,
    "high_freq_factor": 4.0,
    "low_freq_factor": 1.0,
    "original_max_position_embeddings": 8192,
    "rope_type": "llama3"
  },
  "rope_theta": 500000.0,
  "tie_word_embeddings": true,
  "torch_dtype": "bfloat16",
  "transformers_version": "4.44.2",
  "use_cache": true,
  "vocab_size": 128256
}
