{
  "_name_or_path": "meta-llama/Llama-3.2-1B-Instruct",
  "sparsity_method": "naive",
  "sparsities": [
    59.74077922292054,
    65.69223999977112,
    68.55632523074746,
    73.35594655014575,
    77.42073507979512,
    78.51408631540835,
    76.59243256784976,
    76.61194605752826,
    78.36115509271622,
    78.61599293537438,
    75.96044377423823,
    71.31616906262934,
    63.05217663757503,
    57.85650457255542,
    60.000846022740006,
    48.971539246849716
  ],
  "architectures": [
    "LlamaSkipConnectionForCausalLM"
  ],
  "attention_bias": false,
  "attention_dropout": 0.0,
  "bos_token_id": 128000,
  "eos_token_id": [
    128001,
    128008,
    128009
  ],
  "head_dim": 64,
  "hidden_act": "silu",
  "hidden_size": 2048,
  "initializer_range": 0.02,
  "intermediate_size": 8192,
  "max_position_embeddings": 131072,
  "mlp_bias": false,
  "model_type": "llama-skip",
  "num_attention_heads": 32,
  "num_hidden_layers": 16,
  "num_key_value_heads": 8,
  "pretraining_tp": 1,
  "rms_norm_eps": 1e-05,
  "rope_scaling": {
    "factor": 32.0,
    "high_freq_factor": 4.0,
    "low_freq_factor": 1.0,
    "original_max_position_embeddings": 8192,
    "rope_type": "llama3"
  },
  "rope_theta": 500000.0,
  "tie_word_embeddings": true,
  "torch_dtype": "bfloat16",
  "transformers_version": "4.44.2",
  "use_cache": true,
  "vocab_size": 128256
}
