{
  "_name_or_path": "meta-llama/Llama-3.2-3B-Instruct",
  "sparsity_method": "naive",
  "sparsity": [
    0.5778245008550584,
    0.651826779358089,
    0.69715037336573,
    0.7167424536310136,
    0.7845814838074148,
    0.8283668733201921,
    0.8044213317334652,
    0.7941397787071764,
    0.7914119125343859,
    0.7818935080431402,
    0.787798332516104,
    0.7594775059260428,
    0.7840386619791389,
    0.7979115201160312,
    0.8202252509072423,
    0.8269790187478065,
    0.8191158389672637,
    0.8036936335265636,
    0.7898433501832187,
    0.7926017488352954,
    0.7682512486353517,
    0.7459653555415571,
    0.7422136045061052,
    0.7515040258876979,
    0.7535384567454457,
    0.7217378471978009,
    0.6874264222569764,
    0.5368296343367547
  ],
  "architectures": [
    "LlamaSkipConnectionForCausalLM"
  ],
  "attention_bias": false,
  "attention_dropout": 0.0,
  "bos_token_id": 128000,
  "eos_token_id": [
    128001,
    128008,
    128009
  ],
  "head_dim": 128,
  "hidden_act": "silu",
  "hidden_size": 3072,
  "initializer_range": 0.02,
  "intermediate_size": 8192,
  "max_position_embeddings": 131072,
  "mlp_bias": false,
  "model_type": "llama-skip",
  "num_attention_heads": 24,
  "num_hidden_layers": 28,
  "num_key_value_heads": 8,
  "pretraining_tp": 1,
  "rms_norm_eps": 1e-05,
  "rope_scaling": {
    "factor": 32.0,
    "high_freq_factor": 4.0,
    "low_freq_factor": 1.0,
    "original_max_position_embeddings": 8192,
    "rope_type": "llama3"
  },
  "rope_theta": 500000.0,
  "tie_word_embeddings": true,
  "torch_dtype": "float32",
  "transformers_version": "4.54.2",
  "use_cache": false,
  "vocab_size": 128256
}
