{
  "_name_or_path": "meta-llama/Llama-3.2-3B-Instruct",
  "sparsity": 0.3,
  "thresholds": [
    0.008992727845907211,
    0.007362883072346449,
    0.010584033094346523,
    0.013811077922582626,
    0.01652432233095169,
    0.01911485195159912,
    0.021110089495778084,
    0.021861480548977852,
    0.022793585434556007,
    0.023536499589681625,
    0.023932278156280518,
    0.025169612839818,
    0.02704477123916149,
    0.029513126239180565,
    0.03312505781650543,
    0.03329421952366829,
    0.032243628054857254,
    0.03392714262008667,
    0.03341647610068321,
    0.03778177499771118,
    0.03747149556875229,
    0.03758125379681587,
    0.040012847632169724,
    0.04344414919614792,
    0.052286386489868164,
    0.061331216245889664,
    0.07831649482250214,
    0.172738179564476
  ],
  "architectures": [
    "LlamaSkipConnectionForCausalLM"
  ],
  "attention_bias": false,
  "attention_dropout": 0.0,
  "bos_token_id": 128000,
  "eos_token_id": [
    128001,
    128008,
    128009
  ],
  "head_dim": 128,
  "hidden_act": "silu",
  "hidden_size": 3072,
  "initializer_range": 0.02,
  "intermediate_size": 8192,
  "max_position_embeddings": 131072,
  "mlp_bias": false,
  "model_type": "llama-skip",
  "num_attention_heads": 24,
  "num_hidden_layers": 28,
  "num_key_value_heads": 8,
  "pretraining_tp": 1,
  "rms_norm_eps": 1e-05,
  "rope_scaling": {
    "factor": 32.0,
    "high_freq_factor": 4.0,
    "low_freq_factor": 1.0,
    "original_max_position_embeddings": 8192,
    "rope_type": "llama3"
  },
  "rope_theta": 500000.0,
  "tie_word_embeddings": true,
  "torch_dtype": "float32",
  "transformers_version": "4.54.2",
  "use_cache": false,
  "vocab_size": 128256
}
