{
  "sparsities": [
    0.9851281009614468,
    0.9946803697384894,
    0.9953532270155847,
    0.9962933831848204,
    0.9901570179499686,
    0.9955691522918642,
    0.9949185764417052,
    0.9948671241290867,
    0.9951038942672312,
    0.9942043093033135,
    0.9923509689979255,
    0.99130690516904,
    0.9868006301112473,
    0.9852745439857244,
    0.9817174589261413,
    0.977879146579653,
    0.9693511691875756,
    0.959740437567234,
    0.9505377076566219,
    0.9496744400821626,
    0.945977492723614,
    0.9431825019419193,
    0.9414051696658134,
    0.9482622602954507,
    0.9461887339130044,
    0.9471860215999186,
    0.944672588724643,
    0.9415744030848145,
    0.9331777216866612,
    0.9259660355746746,
    0.9233388286083937,
    0.9436734234914184
  ],
  "_name_or_path": "facebook/opt-2.7b",
  "training": true,
  "use_optimized_weight_cache": true,
  "return_dict": true,
  "_remove_final_layer_norm": false,
  "activation_dropout": 0.0,
  "activation_function": "relu",
  "architectures": [
    "OPTSkipConnectionForCausalLM"
  ],
  "attention_dropout": 0.0,
  "bos_token_id": 2,
  "do_layer_norm_before": true,
  "dropout": 0.1,
  "eos_token_id": 2,
  "intermediate_size": 10240,
  "hidden_size": 2560,
  "init_std": 0.02,
  "layerdrop": 0.0,
  "max_position_embeddings": 2048,
  "model_type": "opt-skip",
  "num_attention_heads": 32,
  "num_hidden_layers": 32,
  "pad_token_id": 1,
  "prefix": "</s>",
  "torch_dtype": "float16",
  "transformers_version": "4.21.0.dev0",
  "use_cache": true,
  "vocab_size": 50272,
  "word_embed_proj_dim": 2560
}