{
  "_name_or_path": "Qwen/Qwen2-1.5B",
  "sparsity_method": "naive",
  "sparsities": [
    0.7590979598462582,
    0.7837754879146814,
    0.7750004627741873,
    0.770095819607377,
    0.7902259933762252,
    0.8609298202209175,
    0.8853354640305042,
    0.8391136317513883,
    0.8428834634833038,
    0.8334567951969802,
    0.8006975213065743,
    0.8045121841132641,
    0.8163408637046814,
    0.7881555473431945,
    0.7771737249568105,
    0.7892530923709273,
    0.7808592799119651,
    0.8027198943309486,
    0.8147787847556174,
    0.8215602654963732,
    0.8315094322897494,
    0.883263947442174,
    0.9112895792350173,
    0.8935728948563337,
    0.8899188376963139,
    0.8447432252578437,
    0.7769220205955207,
    0.8743839487433434
  ],
  "architectures": [
    "Qwen2SkipForCausalLM"
  ],
  "attention_dropout": 0.0,
  "bos_token_id": 151643,
  "eos_token_id": 151643,
  "hidden_act": "silu",
  "hidden_size": 1536,
  "initializer_range": 0.02,
  "intermediate_size": 8960,
  "max_position_embeddings": 131072,
  "max_window_layers": 28,
  "model_type": "qwen2-skip",
  "num_attention_heads": 12,
  "num_hidden_layers": 28,
  "num_key_value_heads": 2,
  "rms_norm_eps": 1e-06,
  "rope_theta": 1000000.0,
  "sliding_window": 131072,
  "tie_word_embeddings": true,
  "torch_dtype": "bfloat16",
  "transformers_version": "4.40.1",
  "use_cache": true,
  "use_sliding_window": false,
  "vocab_size": 151936
}

