{
  "_name_or_path": "Qwen/Qwen2-1.5B",
  "sparsity_method": "naive",
  "sparsities": [
    75.90979598462582,
    78.37754879146814,
    77.50004627741873,
    77.0095819607377,
    79.02259933762252,
    86.09298202209175,
    88.53354640305042,
    83.91136317513883,
    84.28834634833038,
    83.34567951969802,
    80.06975213065743,
    80.45121841132641,
    81.63408637046814,
    78.81555473431945,
    77.71737249568105,
    78.92530923709273,
    78.08592799119651,
    80.27198943309486,
    81.47787847556174,
    82.15602654963732,
    83.15094322897494,
    88.3263947442174,
    91.12895792350173,
    89.35728948563337,
    88.99188376963139,
    84.47432252578437,
    77.69220205955207,
    87.43839487433434
  ],
  "architectures": [
    "Qwen2SkipForCausalLM"
  ],
  "attention_dropout": 0.0,
  "bos_token_id": 151643,
  "eos_token_id": 151643,
  "hidden_act": "silu",
  "hidden_size": 1536,
  "initializer_range": 0.02,
  "intermediate_size": 8960,
  "max_position_embeddings": 131072,
  "max_window_layers": 28,
  "model_type": "qwen2-skip",
  "num_attention_heads": 12,
  "num_hidden_layers": 28,
  "num_key_value_heads": 2,
  "rms_norm_eps": 1e-06,
  "rope_theta": 1000000.0,
  "sliding_window": 131072,
  "tie_word_embeddings": true,
  "torch_dtype": "bfloat16",
  "transformers_version": "4.40.1",
  "use_cache": true,
  "use_sliding_window": false,
  "vocab_size": 151936
}

