{
    "gate": {
        "Llama-3.2-3b-instruct": [
            57.71754124164581,
            65.11172428131104,
            69.67459416389465,
            71.62409243583679,
            78.40418763160706,
            82.82658765316009,
            80.40621650218964,
            79.38426294326783,
            79.12274203300476,
            78.16661398410797,
            78.77435421943665,
            75.91446607112884,
            78.38958513736725,
            79.7872543811798,
            82.00644743442535,
            82.67491750717163,
            81.88930082321167,
            80.33126723766327,
            78.93885064125061,
            79.20614948272706,
            76.78508996963501,
            74.55349669456481,
            74.1950053691864,
            75.14114892482758,
            75.33072142601013,
            72.14878454208375,
            68.71426742076873,
            53.61509549617767
        ],
        "Qwen2-1.5b": [
            75.93807740211487,
            78.41059468984604,
            77.49380288124084,
            76.96765702962875,
            78.98415230512619,
            86.08542959094048,
            88.52588576078415,
            83.89434084892272,
            84.28610481023789,
            83.33846287727356,
            80.04174522161483,
            80.4451719880104,
            81.62335629463196,
            78.81875599622727,
            77.72430129647255,
            78.92266703248023,
            78.07974159121514,
            80.27849124073983,
            81.47149959802627,
            82.16273649334907,
            83.16114392280579,
            88.331414437294,
            91.13149715065956,
            89.35581904649734,
            88.99205344319344,
            84.47382251024246,
            77.68900873661042,
            87.42764226794243
        ],
        "Llama-3.2-1b-instruct": [
            59.69295618534088,
            65.60881190299988,
            68.45192451477051,
            73.27476217746735,
            77.34748628139496,
            78.48554470539094,
            76.55607290267945,
            76.5926207780838,
            78.33601603507995,
            78.57956645488738,
            75.88382995128632,
            71.21690571308136,
            62.98756067752838,
            57.79038770198822,
            59.951990723609924,
            48.912491416931154
        ],
        "Deepseek-r1-distill-qwen-1.5b": [
            70.90480007529258,
            99.88893811702728,
            99.62486154437065,
            98.0037947654724,
            88.75373544692994,
            99.32015951871873,
            83.04518195986748,
            82.57140514850616,
            83.40730249881744,
            80.53620984554291,
            80.21069329977036,
            81.77259366512298,
            79.94535800814629,
            78.14672967195511,
            76.97014119625092,
            77.28835244774818,
            80.44708899259567,
            79.18341723680496,
            76.43398404121399,
            76.02891492843628,
            80.82670731544495,
            84.99062582850456,
            87.17172874212265,
            89.40225526690483,
            88.23681662678719,
            85.66482260227204,
            82.24173642396927,
            88.99977133274078
        ],
        "Mistral-7b-instruct-v0.3": [
            56.43942987620831,
            54.710825201869014,
            62.7378715634346,
            66.16027640700341,
            70.28030137121678,
            73.51264708936215,
            74.50522061884404,
            77.24974319338799,
            76.7814871430397,
            75.24307530522347,
            74.88057094812393,
            74.35959818959236,
            75.53367558717727,
            74.40153402686119,
            75.85964927077293,
            77.37865363955498,
            80.11023232936859,
            79.6199797809124,
            80.4066299200058,
            81.47304484248161,
            81.74000000357628,
            83.81049889922141,
            82.68584475517272,
            83.27997506260871,
            84.72612695097924,
            84.80276737213134,
            83.67284808158874,
            83.53098798394203,
            82.97702146172523,
            79.14664803743362,
            74.10781040191651,
            67.48937454819679
        ]
    },
    "up": {
        "Llama-3.2-3b-instruct": [
            49.94701652526855,
            50.25883557796478,
            49.861748695373535,
            50.212551021575926,
            50.13673641681671,
            50.268478298187254,
            50.23670208454132,
            49.97434947490692,
            49.92012085914612,
            49.747323226928714,
            50.086516761779784,
            50.03763332366943,
            49.882375383377074,
            49.97260744571686,
            50.26340198516846,
            50.02290711402893,
            50.01335778236389,
            49.795312118530276,
            50.07261395454407,
            50.176619386672975,
            49.79739108085632,
            50.07133948802948,
            49.866306567192076,
            50.10840601921082,
            50.19871940612793,
            50.12352337837219,
            49.68174865245819,
            49.686979389190675
        ],
        "Qwen2-1.5b": [
            49.966607823967934,
            50.07665805220604,
            49.93570843935013,
            49.86715441942215,
            50.08377824127674,
            50.042170682549475,
            50.093804562091826,
            49.93413372039795,
            49.97023822367191,
            50.044850525259974,
            49.94358977377415,
            50.04388883113861,
            50.019992855191234,
            49.94634571969509,
            49.9959951788187,
            49.87701366841793,
            50.004302775859834,
            49.91442177593708,
            50.008744248747824,
            49.8828303784132,
            50.030293348431584,
            50.190612328052524,
            50.29008415937424,
            49.93244623243809,
            49.84627003967762,
            50.10836774408817,
            50.078974387049676,
            49.67422745227814
        ],
        "Llama-3.2-1b-instruct": [
            50.28850176334381,
            50.08826148509979,
            50.095251607894895,
            50.172497272491455,
            50.13044228553772,
            49.83322007656098,
            50.11254615783692,
            49.992566442489625,
            49.95180006027222,
            49.9925139427185,
            49.866587257385255,
            49.80795896053314,
            50.02192153930664,
            49.8885840177536,
            49.555590176582335,
            49.536004185676575
        ],
        "Deepseek-r1-distill-qwen-1.5b": [
            49.97109459936619,
            49.79854706823826,
            49.94962645471096,
            50.32353394627571,
            49.95378584265709,
            50.01829433739185,
            49.94671969115734,
            49.712460374832155,
            49.80023949444294,
            50.004930776357654,
            50.27471421062946,
            49.87664130330086,
            50.02333268523216,
            50.15037988126278,
            49.89214723408222,
            50.09376830756664,
            49.73434842824936,
            49.89638189673424,
            50.114672395586965,
            50.29278555512428,
            50.12480843365192,
            49.612388187646864,
            49.845171093940735,
            49.835383167862894,
            49.97257161438465,
            49.602730265259744,
            49.772731468081474,
            49.93913755714893
        ],